--코스

INSERT INTO Courses (c_id_no, c_id, c_unit, c_major) VALUES ('C001', '자료구조', 3, '물리학');
INSERT INTO Courses (c_id_no, c_id, c_unit, c_major) VALUES ('C002', '운영체제', 2, '경영학');
INSERT INTO Courses (c_id_no, c_id, c_unit, c_major) VALUES ('C003', '데이터베이스', 2, '경영학');
INSERT INTO Courses (c_id_no, c_id, c_unit, c_major) VALUES ('C004', '마케팅', 3, '물리학');
INSERT INTO Courses (c_id_no, c_id, c_unit, c_major) VALUES ('C005', '조직행동론', 3, '컴퓨터공학');
INSERT INTO Courses (c_id_no, c_id, c_unit, c_major) VALUES ('C006', '인지심리학', 2, '심리학');
INSERT INTO Courses (c_id_no, c_id, c_unit, c_major) VALUES ('C007', '확률론', 3, '심리학');
INSERT INTO Courses (c_id_no, c_id, c_unit, c_major) VALUES ('C008', '선형대수', 3, '물리학');
INSERT INTO Courses (c_id_no, c_id, c_unit, c_major) VALUES ('C009', '양자역학', 2, '물리학');
INSERT INTO Courses (c_id_no, c_id, c_unit, c_major) VALUES ('C010', '전자기학', 2, '컴퓨터공학');
INSERT INTO Courses (c_id_no, c_id, c_unit, c_major) VALUES ('C011', '자료구조', 2, '물리학');
INSERT INTO Courses (c_id_no, c_id, c_unit, c_major) VALUES ('C012', '운영체제', 2, '컴퓨터공학');
INSERT INTO Courses (c_id_no, c_id, c_unit, c_major) VALUES ('C013', '데이터베이스', 3, '물리학');
INSERT INTO Courses (c_id_no, c_id, c_unit, c_major) VALUES ('C014', '마케팅', 3, '수학');
INSERT INTO Courses (c_id_no, c_id, c_unit, c_major) VALUES ('C015', '조직행동론', 2, '수학');

--프로페서
INSERT INTO Professors (p_id, p_name, p_major) VALUES ('P001', '김철수', '경영학');
INSERT INTO Professors (p_id, p_name, p_major) VALUES ('P002', '이영희', '컴퓨터공학');
INSERT INTO Professors (p_id, p_name, p_major) VALUES ('P003', '박정훈', '경영학');
INSERT INTO Professors (p_id, p_name, p_major) VALUES ('P004', '최미경', '경영학');
INSERT INTO Professors (p_id, p_name, p_major) VALUES ('P005', '정우진', '물리학');
INSERT INTO Professors (p_id, p_name, p_major) VALUES ('P006', '한상혁', '물리학');
INSERT INTO Professors (p_id, p_name, p_major) VALUES ('P007', '송지민', '경영학');
INSERT INTO Professors (p_id, p_name, p_major) VALUES ('P008', '류지은', '심리학');
INSERT INTO Professors (p_id, p_name, p_major) VALUES ('P009', '오세훈', '물리학');
INSERT INTO Professors (p_id, p_name, p_major) VALUES ('P010', '조유리', '물리학');

--학생
INSERT INTO Students (s_id, s_name, s_major, s_grade, s_semester, s_status, s_pwd, s_address, s_phone, s_email, s_bank, s_dual_major) VALUES ('S001', '김민지', '컴퓨터공학', 2, 3, '재학', 'pw1234', '서울시 강남구 1번지', '010-1234-5610', '김민지@sm.ac.kr', '우리은행 1002-****-****-**', '심리학');
INSERT INTO Students (s_id, s_name, s_major, s_grade, s_semester, s_status, s_pwd, s_address, s_phone, s_email, s_bank, s_dual_major) VALUES ('S002', '이서준', '물리학', 1, 1, '재학', 'pw1235', '서울시 강남구 2번지', '010-1234-5611', '이서준@sm.ac.kr', '우리은행 1002-****-****-**', '수학');
INSERT INTO Students (s_id, s_name, s_major, s_grade, s_semester, s_status, s_pwd, s_address, s_phone, s_email, s_bank, s_dual_major) VALUES ('S003', '박지우', '수학', 2, 3, '휴학', 'pw1236', '서울시 강남구 3번지', '010-1234-5612', '박지우@sm.ac.kr', '우리은행 1002-****-****-**', '물리학');
INSERT INTO Students (s_id, s_name, s_major, s_grade, s_semester, s_status, s_pwd, s_address, s_phone, s_email, s_bank, s_dual_major) VALUES ('S004', '최윤서', '수학', 2, 3, '재학', 'Pw1237', '서울시 강남구 4번지', '010-1234-5613', '최윤서@sm.ac.kr', '우리은행 1002-****-****-**', '심리학');
INSERT INTO Students (s_id, s_name, s_major, s_grade, s_semester, s_status, s_pwd, s_address, s_phone, s_email, s_bank, s_dual_major) VALUES ('S005', '정민재', '물리학', 2, 3, '재학', 'Pw1238', '서울시 강남구 5번지', '010-1234-5614', '정민재@sm.ac.kr', '우리은행 1002-****-****-**', '물리학');
INSERT INTO Students (s_id, s_name, s_major, s_grade, s_semester, s_status, s_pwd, s_address, s_phone, s_email, s_bank, s_dual_major) VALUES ('S006', '한예은', '심리학', 2, 3, '휴학', 'Pw12fds39', '서울시 강남구 6번지', '010-1234-5615', '한예은@sm.ac.kr', '우리은행 1002-****-****-**', NULL);
INSERT INTO Students (s_id, s_name, s_major, s_grade, s_semester, s_status, s_pwd, s_address, s_phone, s_email, s_bank, s_dual_major) VALUES ('S007', '송도윤', '수학', 1, 1, '재학', 'Pw12343', '서울시 강남구 7번지', '010-1234-5616', '송도윤@sm.ac.kr', '우리은행 1002-****-****-**', NULL);
INSERT INTO Students (s_id, s_name, s_major, s_grade, s_semester, s_status, s_pwd, s_address, s_phone, s_email, s_bank, s_dual_major) VALUES ('S008', '류지호', '심리학', 2, 3, '재학', 'Pw12344f', '서울시 강남구 8번지', '010-1234-5617', '류지호@sm.ac.kr', '우리은행 1002-****-****-**', NULL);
INSERT INTO Students (s_id, s_name, s_major, s_grade, s_semester, s_status, s_pwd, s_address, s_phone, s_email, s_bank, s_dual_major) VALUES ('S009', '오하은', '물리학', 1, 1, '재학', 'pw123fds4', '서울시 강남구 9번지', '010-1234-5618', '오하은@sm.ac.kr', '우리은행 1002-****-****-**', NULL);
INSERT INTO Students (s_id, s_name, s_major, s_grade, s_semester, s_status, s_pwd, s_address, s_phone, s_email, s_bank, s_dual_major) VALUES ('S010', '조현우', '경영학', 2, 1, '재학', 'pw12sdf34', '서울시 강남구 10번지', '010-1234-5619', '조현우@sm.ac.kr', '우리은행 1002-****-****-**', NULL);

--섹션 더미
INSERT INTO Sections (c_id_no, c_id, se_year, se_semester, se_section, se_time, se_capacity, p_id, se_classroom) VALUES ('C014', '마케팅', 2024, 2, 2, '수4,수1', 12, 'P006', '강의동 394호');
INSERT INTO Sections (c_id_no, c_id, se_year, se_semester, se_section, se_time, se_capacity, p_id, se_classroom) VALUES ('C010', '전자기학', 2024, 2, 1, '금4,월4', 11, 'P003', '강의동 299호');
INSERT INTO Sections (c_id_no, c_id, se_year, se_semester, se_section, se_time, se_capacity, p_id, se_classroom) VALUES ('C006', '인지심리학', 2024, 2, 3, '월2,화3', 22, 'P009', '강의동 162호');
INSERT INTO Sections (c_id_no, c_id, se_year, se_semester, se_section, se_time, se_capacity, p_id, se_classroom) VALUES ('C012', '운영체제', 2024, 2, 1, '수1,목4', 21, 'P010', '강의동 315호');
INSERT INTO Sections (c_id_no, c_id, se_year, se_semester, se_section, se_time, se_capacity, p_id, se_classroom) VALUES ('C009', '양자역학', 2024, 2, 3, '금1,목2', 12, 'P004', '강의동 147호');
INSERT INTO Sections (c_id_no, c_id, se_year, se_semester, se_section, se_time, se_capacity, p_id, se_classroom) VALUES ('C007', '확률론', 2024, 2, 1, '수1,월2', 13, 'P005', '강의동 153호');
INSERT INTO Sections (c_id_no, c_id, se_year, se_semester, se_section, se_time, se_capacity, p_id, se_classroom) VALUES ('C007', '확률론', 2024, 2, 2, '수2,수4', 12, 'P010', '강의동 181호');
INSERT INTO Sections (c_id_no, c_id, se_year, se_semester, se_section, se_time, se_capacity, p_id, se_classroom) VALUES ('C015', '조직행동론', 2024, 2, 2, '금3,수2', 13, 'P005', '강의동 254호');
INSERT INTO Sections (c_id_no, c_id, se_year, se_semester, se_section, se_time, se_capacity, p_id, se_classroom) VALUES ('C010', '전자기학', 2024, 2, 3, '월2,목4', 14, 'P007', '강의동 291호');
INSERT INTO Sections (c_id_no, c_id, se_year, se_semester, se_section, se_time, se_capacity, p_id, se_classroom) VALUES ('C004', '마케팅', 2024, 2, 1, '화4,금3', 15, 'P003', '강의동 270호');
INSERT INTO Sections (c_id_no, c_id, se_year, se_semester, se_section, se_time, se_capacity, p_id, se_classroom) VALUES ('C011', '자료구조', 2024, 2, 1, '금2,수2', 9, 'P006', '강의동 336호');
INSERT INTO Sections (c_id_no, c_id, se_year, se_semester, se_section, se_time, se_capacity, p_id, se_classroom) VALUES ('C012', '운영체제', 2024, 2, 2, '화4,월3', 7, 'P005', '강의동 124호');
INSERT INTO Sections (c_id_no, c_id, se_year, se_semester, se_section, se_time, se_capacity, p_id, se_classroom) VALUES ('C010', '전자기학', 2024, 2, 2, '화4,수1', 13, 'P008', '강의동 324호');
INSERT INTO Sections (c_id_no, c_id, se_year, se_semester, se_section, se_time, se_capacity, p_id, se_classroom) VALUES ('C009', '양자역학', 2024, 2, 1, '목3,금3', 4, 'P009', '강의동 118호');
INSERT INTO Sections (c_id_no, c_id, se_year, se_semester, se_section, se_time, se_capacity, p_id, se_classroom) VALUES ('C004', '마케팅', 2024, 2, 2, '수3,수3', 6, 'P009', '강의동 110호');
INSERT INTO Sections (c_id_no, c_id, se_year, se_semester, se_section, se_time, se_capacity, p_id, se_classroom) VALUES ('C005', '조직행동론', 2025, 1, 1, '수4,월3', 4, 'P004', '강의동 190호');
INSERT INTO Sections (c_id_no, c_id, se_year, se_semester, se_section, se_time, se_capacity, p_id, se_classroom) VALUES ('C003', '데이터베이스', 2025, 1, 2, '월1,화4', 5, 'P010', '강의동 266호');
INSERT INTO Sections (c_id_no, c_id, se_year, se_semester, se_section, se_time, se_capacity, p_id, se_classroom) VALUES ('C010', '전자기학', 2025, 1, 1, '월4,목3', 2, 'P008', '강의동 331호');
INSERT INTO Sections (c_id_no, c_id, se_year, se_semester, se_section, se_time, se_capacity, p_id, se_classroom) VALUES ('C009', '양자역학', 2025, 1, 1, '수2,목2', 6, 'P002', '강의동 145호');
INSERT INTO Sections (c_id_no, c_id, se_year, se_semester, se_section, se_time, se_capacity, p_id, se_classroom) VALUES ('C004', '마케팅', 2025, 1, 1, '월4,월2', 12, 'P007', '강의동 104호');
INSERT INTO Sections (c_id_no, c_id, se_year, se_semester, se_section, se_time, se_capacity, p_id, se_classroom) VALUES ('C011', '자료구조', 2025, 1, 2, '금2,화1', 33, 'P005', '강의동 345호');
INSERT INTO Sections (c_id_no, c_id, se_year, se_semester, se_section, se_time, se_capacity, p_id, se_classroom) VALUES ('C006', '인지심리학', 2025, 1, 1, '월3,목4', 2, 'P003', '강의동 171호');
INSERT INTO Sections (c_id_no, c_id, se_year, se_semester, se_section, se_time, se_capacity, p_id, se_classroom) VALUES ('C006', '인지심리학', 2025, 1, 2, '월3,월1', 5, 'P007', '강의동 218호');
INSERT INTO Sections (c_id_no, c_id, se_year, se_semester, se_section, se_time, se_capacity, p_id, se_classroom) VALUES ('C004', '마케팅', 2025, 1, 2, '목4,수1', 6, 'P005', '강의동 211호');
INSERT INTO Sections (c_id_no, c_id, se_year, se_semester, se_section, se_time, se_capacity, p_id, se_classroom) VALUES ('C007', '확률론', 2025, 1, 3, '금3,수1', 12, 'P004', '강의동 174호');
INSERT INTO Sections (c_id_no, c_id, se_year, se_semester, se_section, se_time, se_capacity, p_id, se_classroom) VALUES ('C008', '선형대수', 2025, 1, 2, '목4,화2', 9, 'P005', '강의동 180호');
INSERT INTO Sections (c_id_no, c_id, se_year, se_semester, se_section, se_time, se_capacity, p_id, se_classroom) VALUES ('C005', '조직행동론', 2025, 1, 3, '목3,금3', 7, 'P001', '강의동 129호');
INSERT INTO Sections (c_id_no, c_id, se_year, se_semester, se_section, se_time, se_capacity, p_id, se_classroom) VALUES ('C006', '인지심리학', 2025, 2, 2, '금4,화2', 6, 'P009', '강의동 104호');
INSERT INTO Sections (c_id_no, c_id, se_year, se_semester, se_section, se_time, se_capacity, p_id, se_classroom) VALUES ('C001', '자료구조', 2025, 1, 1, '월1,수4', 8, 'P007', '강의동 293호');
INSERT INTO Sections (c_id_no, c_id, se_year, se_semester, se_section, se_time, se_capacity, p_id, se_classroom) VALUES ('C005', '조직행동론', 2025, 1, 2, '금2,화1', 6, 'P006', '강의동 289호');
INSERT INTO Sections (c_id_no, c_id, se_year, se_semester, se_section, se_time, se_capacity, p_id, se_classroom) VALUES ('C006', '인지심리학', 2025, 1, 3, '목3,수2', 3, 'P005', '강의동 157호');
INSERT INTO Sections (c_id_no, c_id, se_year, se_semester, se_section, se_time, se_capacity, p_id, se_classroom) VALUES ('C013', '데이터베이스', 2025, 1, 3, '금3,월4', 5, 'P008', '강의동 281호');
INSERT INTO Sections (c_id_no, c_id, se_year, se_semester, se_section, se_time, se_capacity, p_id, se_classroom) VALUES ('C010', '전자기학', 2025, 1, 2, '금2,금3', 6, 'P009', '강의동 326호');
INSERT INTO Sections (c_id_no, c_id, se_year, se_semester, se_section, se_time, se_capacity, p_id, se_classroom) VALUES ('C015', '조직행동론', 2025, 1, 3, '화4,금3', 3, 'P006', '강의동 251호');
INSERT INTO Sections (c_id_no, c_id, se_year, se_semester, se_section, se_time, se_capacity, p_id, se_classroom) VALUES ('C014', '마케팅', 2025, 1, 3, '금3,화1', 1, 'P003', '강의동 154호');
INSERT INTO Sections (c_id_no, c_id, se_year, se_semester, se_section, se_time, se_capacity, p_id, se_classroom) VALUES ('C005', '조직행동론', 2025, 2, 3, '화1,목3', 5, 'P008', '강의동 215호');
INSERT INTO Sections (c_id_no, c_id, se_year, se_semester, se_section, se_time, se_capacity, p_id, se_classroom) VALUES ('C015', '조직행동론', 2025, 1, 2, '화4,목1', 3, 'P010', '강의동 151호');
INSERT INTO Sections (c_id_no, c_id, se_year, se_semester, se_section, se_time, se_capacity, p_id, se_classroom) VALUES ('C013', '데이터베이스', 2025, 1, 2, '목4,목4', 6, 'P001', '강의동 127호');
INSERT INTO Sections (c_id_no, c_id, se_year, se_semester, se_section, se_time, se_capacity, p_id, se_classroom) VALUES ('C001', '자료구조', 2025, 1, 2, '수4,목3', 7, 'P001', '강의동 401호');
INSERT INTO Sections (c_id_no, c_id, se_year, se_semester, se_section, se_time, se_capacity, p_id, se_classroom) VALUES ('C009', '양자역학', 2025, 1, 2, '금2,월1', 9, 'P008', '강의동 346호');

--인롤더미
INSERT INTO ENROLL (s_id, e_year, e_semester, c_id_no, e_section, c_id, e_score) VALUES ('S001', 2024, 2, 'C006', 3, '인지심리학', NULL);
INSERT INTO ENROLL (s_id, e_year, e_semester, c_id_no, e_section, c_id, e_score) VALUES ('S007', 2024, 2, 'C015', 2, '조직행동론', NULL);
INSERT INTO ENROLL (s_id, e_year, e_semester, c_id_no, e_section, c_id, e_score) VALUES ('S008', 2024, 2, 'C004', 2, '마케팅', NULL);
INSERT INTO ENROLL (s_id, e_year, e_semester, c_id_no, e_section, c_id, e_score) VALUES ('S004', 2024, 2, 'C009', 3, '양자역학', NULL);
INSERT INTO ENROLL (s_id, e_year, e_semester, c_id_no, e_section, c_id, e_score) VALUES ('S001', 2024, 2, 'C010', 2, '전자기학', NULL);
INSERT INTO ENROLL (s_id, e_year, e_semester, c_id_no, e_section, c_id, e_score) VALUES ('S007', 2024, 2, 'C010', 2, '전자기학', NULL);
INSERT INTO ENROLL (s_id, e_year, e_semester, c_id_no, e_section, c_id, e_score) VALUES ('S002', 2024, 2, 'C009', 1, '양자역학', NULL);
INSERT INTO ENROLL (s_id, e_year, e_semester, c_id_no, e_section, c_id, e_score) VALUES ('S003', 2024, 2, 'C007', 3, '확률론', NULL);
INSERT INTO ENROLL (s_id, e_year, e_semester, c_id_no, e_section, c_id, e_score) VALUES ('S010', 2024, 2, 'C006', 3, '인지심리학', NULL);
INSERT INTO ENROLL (s_id, e_year, e_semester, c_id_no, e_section, c_id, e_score) VALUES ('S007', 2024, 2, 'C004', 2, '마케팅', NULL);


SELECT 'ENROLL' AS table_name, COUNT(*) AS row_count FROM ENROLL
UNION ALL
SELECT 'PROFESSORS' AS table_name, COUNT(*) AS row_count FROM PROFESSORS
UNION ALL
SELECT 'SECTIONS' AS table_name, COUNT(*) AS row_count FROM SECTIONS
UNION ALL
SELECT 'STUDENTS' AS table_name, COUNT(*) AS row_count FROM STUDENTS
UNION ALL
SELECT 'COURSES' AS table_name, COUNT(*) AS row_count FROM COURSES;
